SUPPLIER,CONCAT_NAME4DVISION,4DVISIONA FINISHING TOUCH,A FINISHING TOUCHACADIA,ACADIA"AFTCREATIONS,INC","AFTCREATIONS,INC"AMERICAN WORLD OF MARTIAL ARTS,AMERICANWORLDOFMARTIALARTSAQUARIUS LTD.,AQUARIUSLTD."ARROWEAR ATHLETIC APPAREL, INC",ARROWEARATHLETICAPPARELARROWEARATHLETICAPPAREL,ARROWEARATHLETICAPPARELATLANTAHOSIERY,ATLANTAHOSIERY"AUGUSTA SPORTSWEAR, INC.",AUGUSTASPORTSWEARAUGUSTASPORTSWEAR,AUGUSTASPORTSWEARAURORA,AURORA"BANKMILLCO.,INC.","BANKMILLCO.,INC."BAS,BASBED,BEDBENDINGERINC.,BENDINGERINTERNATIONALBENDINGERINTERNATIONAL,BENDINGERINTERNATIONALBLUEBERRY KNITTING INC.,"BLUEBERRYKNITTING,INC.""BLUEBERRYKNITTING,INC.","BLUEBERRYKNITTING,INC."BLUEDRESSPRESS,BLUEDRESSPRESSBOWDEN,BOWDENBRODER BROTHERS,BRODERCALVIN CLOTHING LLC,CALVINCLOTHINGLLCCALVINCLOTHINGLLC,CALVINCLOTHINGLLCCAMBRIDGE APPAREL,CAMBRIDGEAPPARELCAMBRIDGEAPPAREL,CAMBRIDGEAPPARELCAPECOD,CAPECODCARIZMA DISTRIBUTION INC.,CARIZMADISTRIBUTIONINC.CARRTEXTILES,CARRTEXTILESCENTURY 21 PROMOTIONS,CENTURY21PROMOTIONSCHARLES RIVER APPAREL,CHARLESRIVERAPPARELCHARLESRIVERAPPAREL,CHARLESRIVERAPPARELCLASSROOM SCHOOL UNIFORMS,CLASSROOMSCHOOLUNIFORMSCLASSROOMSCHOOLUNIFORMS,CLASSROOMSCHOOLUNIFORMSCLK,CLKCLUB LEVEL,CLUBLEVELCOBBLESTONES,COBBLESTONESCOLORADO TIMBERLINE,COLORADOTIMBERLINE"COLUMBIAKNIT,INC.","COLUMBIAKNIT,INC."CONNEX,CONNEXCOOLIBAR,COOLIBAR"CORSAIR NECKWEAR CO., INC.","CORSAIRNECKWEARCO.,INC."CREATIVE KNITWEAR,CREATIVEKNITWEARCREATIVEWHACK,CREATIVEWHACKCREATIVITYFORKIDS,CREATIVITYFORKIDSDANSKIN,DANSKINDATE ACADEMY,DATE ACADEMY"DEMCOVINACO.,LTD","DEMCOVINACO.,LTD"DEQUANINTL.COLTD.,DEQUANINTL.COLTD.DKH,DKH"EEDEETRIMCO,INC","EEDEETRIMCO,INC"ELDER,ELDERMANUFACTURINGCOMPANY"ELDER MANUFACTURING CO., INC.",ELDERMANUFACTURINGCOMPANYELDERMANUFACTURINGCOMPANY,ELDERMANUFACTURINGCOMPANYEMPIRECLOTHING,EMPIRECLOTHINGEXECUTIVE APPAREL,"EXECUTIVEAPPAREL,INC.""EXECUTIVEAPPAREL,INC.","EXECUTIVEAPPAREL,INC."FIBERLOK,FIBERLOKFLS,FLSGANZ,GANZ"GATOR OF FLORIDA, INC.","GATOR OF FLORIDA, INC"GEOTOY,GEOTOYGILDAN,GILDANGIRL SCOUTS UNIFORM,GIRLSCOUTSOFTHEUSA-GSMGRAPHIC DESIGN,GRAPHIC DESIGNHANES,HANESHAPEINTERNATIONAL,HAPEINTERNATIONALHAR,HARHARDWICK,HARDWICKHARTWELL,HARTWELLHAVENSHIRE,HAVENSHIREHENRYSEGALCOMPANY,HENRYSEGALCOMPANYHIGH SIERRA SPORT CO,HIGHSIERRASPORTCOHIGHSIERRASPORTCO,HIGHSIERRASPORTCOHIX CORPORATION,HIXCORPORATIONHOFFMAN,HOFFMAN"HOLLOWAY GROUP, INC.",HOLLOWAYJACKETSHOLLOWAYJACKETS,HOLLOWAYJACKETSHPP,HPPIN-HOUSE,IN-HOUSEITW GRAPHICS,ITW GRAPHICS"JANSPORT, INC.",JANSPORTCORPORATIONJANSPORTCORPORATION,JANSPORTCORPORATIONJEFFRIES SOCKS,JEFFRIES SOCKSJELLYCAT,JELLYCATJINGCUN,JINGCUNJISHAKU,JISHAKUJMP,JMPK-12,K-12GEARSCHOOLCLOTHINGK-12GEARSCHOOLCLOTHING,K-12GEARSCHOOLCLOTHINGK-26,K-12GEARSCHOOLCLOTHINGKAUFMANFABRIC,KAUFMANFABRICKAYNEE,KAYNEEKEYSTONE,KEYSTONE"KIDS 2000 INTERNATIONAL, INC.","KIDS2000INTERNATIONAL,INC."KSW,KSWLANDES,LANDESLIBERTY,LIBERTY"LION BROTHERS COMPANY, INC.",LIONBROTHERSCOMPANYLI'S FASHION,LI'SFASHIONLOCAL,LOCALLOCKER LOOKZ,LOCKERLOOKZLOGOFIT,LOGOFITLUCKY KNITS PVT LIMITED,LUCKYKNITSPVTLMTDLUCKYKNITSPVTLMTD,LUCKYKNITSPVTLMTDM. J. SOFFE COMPANY,"M.J.SOFFECO.,INC.""M.J.SOFFECO.,INC.","M.J.SOFFECO.,INC.""MADISON MAN ACCESSORIES, LTD.","MADISONMAN,LTD."MANHATTANTOY,MANHATTANTOYMER,MERMERGE LEFT,MERGELEFTMILANO SERIES INTERNATIONAL P,MILANOSERIESINTERNATIONALPMISCELLANEOUS VENDORS FOR,MISCELLANEOUSVENDORSFORMISCELLANEOUSVENDORSFOR,MISCELLANEOUSVENDORSFORMISSING,MISSINGMJCAHN,MJCAHNMOGO,MOGOMONKEYBAR BUDDIES,MONKEYBAR BUDDIESNATIONALEMBLEM,NATIONALEMBLEMNBA,NEWBALANCENEW WORLD GRAPHICS,NEW WORLD GRAPHICS"NEXTRADE MERCHANDISING, INC.","NEXTRADEMERCHANDISING,INC."NIS,NISONE STOP,ONESTOPONESTOP,ONESTOPORIGINAL HEART CO.,ORIGINAL HEART CO.OUTER BANKS,OUTER BANKSPACIFIC WORLDWIDE,PACIFIC WORLDWIDEPARKER,PARKER MANUFACTUREPARKER MANUFACTURE,PARKER MANUFACTUREPARKER SCHOOL UNIFORMS,PARKER MANUFACTUREPENN EMBLEM COMPANY,PENNEMBLEMCOMPANYPHASE OUT,PHASE OUTPINKPOPPY,PINKPOPPYPIONEER ENGRAVING COMPANY,PIONEER ENGRAVING COMPANYPRINTGEAR,PRINTGEARPROFEET,PROFEETPSU,PSURBK,RBKRECENTTOYS,RECENTTOYSRHODE ISLAND TEXTILE COMPANY,RHODEISLANDTEXTILECOMPANY"RIFLEINDUSTRIES,INC.","RIFLEINDUSTRIES,INC."ROTHCO,ROTHCOROYAL PARK,ROYAL PARKRPK,RPKRUSSELLATHLETIC,RUSSELLATHLETICSAMSONITE LLC,SAMSONITE LLCSAN MAR,SANMARSANMAR,SANMARSCH,SCHOOLAPPARELINC.SCHOOL APPAREL,SCHOOLAPPARELINC."SCHOOL APPAREL, INC.",SCHOOLAPPARELINC.SCHOOLAPPARELINC.,SCHOOLAPPARELINC.SCK,SCKSCRUBLE,SCRUBLESGL,SGLSKC,SKCSNY,SNYSPR,SPRSTA,STASTANICORPORATION,STANICORPORATIONSTR,STRSTRATTON-CROOKE ENTERPRISES,STRATTON-CROOKE ENTERPRISESTEXAS ART EMBROIDERY,TEXASARTEMBROIDERYTHAIPORE,THAIPORETHAMES&KOSMOS,THAMES&KOSMOSTIE MART INC,TIE MART INCTIMBERLINE,TIMBERLINETOP,TOPTQKNITS,TQKNITS"TRIMFIT, INC.","TRIMFIT,INC.""TRIMFIT,INC.","TRIMFIT,INC."TRI-MOUNTAIN,TRI-MOUNTAINTRM,TRMTSFSPORTSWEARLLC,TSFSPORTSWEARLLCTULANE,TULANETWIN CITY KNITTING CO.,TWINCITYKNITTINGCO.U.S. CONTINENTAL,U.S.CONTINENTALUNCLEMILTON,UNCLEMILTONVAN HEUSEN-PICKWICK,VAN HEUSEN-PICKWICKVOSSPORTS,VOSSPORTSWARRENSEWELLCLOTHINGCOMPANY,WARRENSEWELLCLOTHINGCOMPANYWESLEY INTERNATIONAL,WESLEY INTERNATIONALWIL,WILWILDCREATIONS,WILDCREATIONSWOLFMARK,WOLFMARKZAFAR PROJECTS INC.,ZAFAR PROJECTS INC.ZHEJIANG LE SUEUR VIDIE,ZHEJIANG LE SUEUR VIDIE